dep_id,url,mrds_id,mas_id,site_name,latitude,longitude,region,country,state,county,com_type,commod1,commod2,commod3,oper_type,dep_type,prod_size,dev_stat,ore,gangue,other_matl,orebody_fm,work_type,model,alteration,conc_proc,names,ore_ctrl,reporter,hrock_unit,hrock_type,arock_unit,arock_type,structure,tectonic,ref,yfp_ba,yr_fst_prd,ylp_ba,yr_lst_prd,dy_ba,disc_yr,prod_yrs,discr,score
10021426,https://mrdata.usgs.gov/mrds/show-mrds.php?dep_id=10021426,DE00092,,Kolihan Mine,26.58476,73.84918,AS,India,Rajasthan,,M,Copper,,,Unknown,,Y,Producer,,,,,,,,,,,"Beougher, Dee (Spanski, Gregory T.)",,,,,,,"MINING MAGAZINE, JANUARY 1989, P. 50",,,,,,,,,D
10021439,https://mrdata.usgs.gov/mrds/show-mrds.php?dep_id=10021439,DE00109,,Maton Mine,26.58476,73.84918,AS,India,Rajasthan,,N,Phosphorus-Phosphates,,,Unknown,,Y,Producer,,,,,,,,,,,"Beougher, Dee (Spanski, Gregory T.)",,,,,,,"MINING MAGAZINE, JANUARY 1989, P. 50",,,,,,,,,D
10021441,https://mrdata.usgs.gov/mrds/show-mrds.php?dep_id=10021441,DE00111,,Balaria Mine,26.58476,73.84918,AS,India,Rajasthan,,M,"Lead, Zinc",,,Unknown,,Y,Producer,,,,,,,,,,,"Beougher, Dee (Spanski, Gregory T.)",,,,,,,"MINING MAGAZINE, JANUARY 1989, P. 50",,,,,,,,,D
10021666,https://mrdata.usgs.gov/mrds/show-mrds.php?dep_id=10021666,DE00355,,Degana Deposit,26.93239,74.33384,AS,India,Rajasthan,,M,Tungsten,,,Unknown,,Y,Producer,,,,,,,,,"Rewat Rawat Hills, Rajasthan Tungsten",,"Pasitschniak, Anna",Malani Group;Delhi Supergroup,"Phyllite,Granite",,,Quartz Veins Cutting Granite And Phyllite,Precambrian Craton (Intracratonic),"INDIAN BUREAU OF MINES, 1984, TUNGSTEN, INDIAN MINERALS YEARBOOK 1981, DELHI CONTROLLER OF PUBLICATIONS, P. 899.ROSKILL INFORMATION SERVICES LTD., 1977, THE ECONOMICS OF TUNGSTEN: THIRD EDITION, LONDON, ROSKILL INFORMATION SERVICES LTD., P. 142-143.BUNDESANSTALT FUR GEOWISSENSCHAFTEN UND ROHSTOFFE, HANNOVER, 1979, ROHSTOFFEWIRTSCHAFTLICHE UND LANDERBERICHTE: XX, INDIEN, P. 98-100.MUKHOPADHYAY, A.K., 1982, TUNGSTEN MINERALIZATION IN INDIA, IN J.V. HEPWORTH AND H.Z. YU (EDS.), TUNGSTEN GEOLOGY, CHINA, ESCAP/AMRDC, BANDUNG, INDONESIA, P. 159-163.DEKATE, Y.G., 1967, TUNGSTEN OCCURRENCES IN INDIA AND THEIR GENESIS, ECONOMIC GEOLOGY, VOL. 62, NO. 4, P. 556-561.DUTTA, R.K. AND BHATTACHERYYA, J.,FERROTUNGSTEN AND TUNGSTEN POWDER FROM INDIAN WOLFRAMITE CONCENTRATE, JOURNAL OF MINES, METALS & FUELS, VOL. XVI, NO. 10, OCTOBER 1968, P. 373-375.KINNEY, G.L., 1986, THE MINERAL INDUSTRY OF INDIA, PREPRINT FROM THE 1984 BUREAU OF MINES MINERALS YEARBOOK, P. 16.E&MJ INTERNATIONAL DIRECTORY:  MINING ACTIVITY DIGEST, 1986, VOL. 12, NO. 10, MARCH 21, 1986, P. 15.ANNUAL:  INDIAN BUREAU OF MINES, 1984.  CUMM: INDIAN BUREAU OF MINES, MINERALS YEARBOOK.",,1966,,,,1915,,,B
10069474,https://mrdata.usgs.gov/mrds/show-mrds.php?dep_id=10069474,W007015,,Mando - Ki - Pol Fluorspar Deposit,23.83265,73.71719,AS,India,Rajasthan,,N,Fluorine-Fluorite,,,Unknown,Hydrothermal Vein,Y,Producer,Fluorite,,,,,,,,,,"Schruben, Paul G.",,,,,,,"SWEETWOOD, C., 1973, STATE DEPARTMENT COMMUNICATION A-191, JUNE 1973, NEW DELHI, P. 50-52.1973, MINING ANNUAL REVIEW, P. 109.SWEETWOOD, C., 1973, ST. DEP. COMM. P. 51.              1973, MINING ANN. REV. P. 109SWEETWOOD, C., 1973, STATE DEPT. COMM. P. 50",,1972,,,,,,,C
10073036,https://mrdata.usgs.gov/mrds/show-mrds.php?dep_id=10073036,W018839,,Deri,24.88256,72.86721,AS,India,Rajasthan,,M,"Zinc, Lead",,,Unknown,,N,Occurrence,,,,,,,,,,,"Schruben, Paul G.",,,,,,,U.S. STATE DEPT. AIRGRAN A - 344 NEW DELHI 5-21-76 P. 1,,,,,,,,,D
10073074,https://mrdata.usgs.gov/mrds/show-mrds.php?dep_id=10073074,W018884,,Ambamata Pb - Zn,24.33261,72.88387,AS,India,Gujarat,,M,"Lead, Zinc, Copper",,,Unknown,,S,Producer,,,,,,,,,Ambaji,,"Schruben, Paul G.",,,,,,,"SHAFER, F. E., 1976, U. S. STATE DEPT. AIRGRAM A-344, NEW DELHI, 5-21-76 P. 12-20.STAFF, 1976, ENGINEERING AND MINING JOURNAL, 3-76, P. 273ENGINEERING AND MINING JOUR. 3-76, P. 273",,,,,,,,,C
10073075,https://mrdata.usgs.gov/mrds/show-mrds.php?dep_id=10073075,W018885,,Rajpura - Dariba Zn - Pb - Ag - Cu - Cd,24.74924,74.18384,AS,India,Rajasthan,,M,"Lead, Zinc, Silver","Copper, Cadmium","Molybdenum, Gallium, Arsenic",Unknown,,S,Producer,"Bornite, Chalcopyrite, Covellite, Cubanite, Galena, Sphalerite, Zincite","Barite, Chert, Dolomite, Enargite, Fluorite",,LINEAR,,,,Pervasive Oxidation Of Upper Part Of Fault Zone,,,"Schruben, Paul G.","Graphitic Phyllite, Chert, Dolomite","Phyllite,Dolomite,Chert",,,Dariba - Rajpura Fault Zone. On West Limb Of A Ne Plunging Macrosyncline.,,"RAJA, C. S. ET AL, 1972, DARIBA - RAJPURA - BETHUMNI BELT OF ZINC - LEAD - COPPER MINERALIZATION, UDAIPUR DIST., RAJASTHAN; GEOL. SURV. INDIA MISC. PUB. NO. 16 P. 617 - 626.SHAFER, F. E., 1976, U. S. DEPT. OF STATE AIRGRAM A-344; NEW DELHI 5-21-76 P. 12 - 20RAJA, C. S. ET AL, 1972, GEOL. SURV. INDIA MISC. PUBL. NO. 16 P. 617 - 626SHAFER, F. E., 1976, U.S. DEPT. OF STATE AIRGRAM A-344 P. 13",<,1934,,,<,,,,B
10073077,https://mrdata.usgs.gov/mrds/show-mrds.php?dep_id=10073077,W018887,,Zawar Group Pb-Zn Mines,24.36594,73.71719,AS,India,Rajasthan,,M,"Zinc, Lead",,,Unknown,,L,Producer,"Argentite, Chalcopyrite, Galena, Pyrite, Pyrrhotite, Silver, Sphalerite","Dolomite, Gypsum, Quartz",,VEIN,,,Recrystallization Of Wall Rock,,"Mochia Magra, Balaria, Zawar Mala, Baroi",Ore Solutions Ascended Along 2 Cross-Faults And Mineralized A Shear Zone,"Schruben, Paul G.",Dolomite,Dolomite,,,"Major Folding, E - W Trending Shear Zone",,"MOOKHERJEE, ASOKE, 1964, THE GEOLOGY OF THE ZAWAR LEAD - ZINC MINE, RAJASTHAN, INDIA; ECON. GEOL. V. 59, P. 656 - 677SHAFER, F. E., 1976, U.S. DEPT. OF STATE AIRGRAM A-344; NEW DELHI, 5-21-76 P. 12 - 20SHAFER, F. E., 1976 DEPT OF STATE AIRGRAM A-344 P. 14SHAFER, F. E., 1976, DEPT. OF STATE AIRGRAM A-344 P. 13",,1318,,,,,,,B
10081078,https://mrdata.usgs.gov/mrds/show-mrds.php?dep_id=10081078,W032777,,Khetri,27.68233,75.51715,AS,India,Rajasthan,,M,Copper,,,Unknown,Replacement,L,Past Producer,"Bornite, Chalcopyrite, Copper, Malachite","Andalusite, Phyllite",,LENS-IRREGULAR,,,,,Khetri Copper Complex,Fractures And Shear Zones,"Gassaway, Judith S.","Alwar Series, Quartzite;Ajabgarh Series, Schist And Phyllite",Schist,,,Nw Trending Doubly Plunging Folds,,"CHOWDHURY, M.K.R., AND GUPTA, SP.D. 1965, ORE-LOCATION IN THE KHETRI COPPER BELT, RAJASTHAN, INDIA: ECON. GEOL., V. 60, P. 6988E/MJ 1978; MM 1980; WAR MINERALS REPORT 1976-1977",,,,,,,,,C
10084846,https://mrdata.usgs.gov/mrds/show-mrds.php?dep_id=10084846,W700060,,Jhamarkotra,24.58259,73.51719,AS,India,Rajasthan,,N,Phosphorus-Phosphates,,,Unknown,,Y,Producer,Apatite,"Chlorite, Epidote, Muscovite, Quartz, Tremolite",,BEDDED,,"243: Phosphate, upwelling type",Greenschist-Level Metamorphism,,Jhamar-Kotra,,"Orris, Greta J.",Jhamarkotra Formation;Aravalli Supergroup,"Limestone,Dolomite",,,,,"KRAUSS AND OTHERS, 1984, INTERNATIONAL STRATEGIC MINERALS INVENTORY SUMMARY REPORT--PHOSPHATE:  U.S. GEOLOGICAL SURVEY CIRCULAR 930-C, 41 P.MINING MAGAZINE, 1987, JANUARY, P. 63.CHAUCHAN, D.S., AND SISODIA, M.S., 1984, NATURE OF UDAIPUR PHOSPHORITE AND ITS GENETIC IMPLICATIONS:  GEOLOGICAL SURVEY OF INDIA SPECIAL PUBLICATION 17, P. 79-104.PANDYA, M.K., SRIVASTAVA, S.B.L., AND DWIVEDI, C.S., 1984, PETROGRAPHY AND GEOCHEMISTRY OF THE JHAMARKOTRA PHOSPHORITE DEPOSIT, UDAIPUR, RAJASTHAN, IN PHOSPHORITE:  GEOLOGICAL SURVEY OF INDIA SPECIAL PUBLICATION 17, P. 111-127.KRAUSS AND OTHERS, 1984, FOR THE 1977 ESTIMATES.  THE 1984 ESTIMATE IS FROM CHAUCHAN AND SISODIA, 1984.",,,,,,,,,B
10106690,https://mrdata.usgs.gov/mrds/show-mrds.php?dep_id=10106690,DE00112,,Mochia Mine,26.58476,73.84918,AS,India,Rajasthan,,M,"Lead, Zinc",,,Unknown,,Y,Producer,,,,,,,,,,,"Beougher, Dee (Spanski, Gregory T.)",,,,,,,"MINING MAGAZINE, JANUARY 1989, P. 50",,,,,,,,,D
10106685,https://mrdata.usgs.gov/mrds/show-mrds.php?dep_id=10106685,DE00090,,Chandmari Mine,26.58476,73.84918,AS,India,Rajasthan,,M,Copper,,,Unknown,,Y,Producer,,,,,,,,,,,"Beougher, Dee (Spanski, Gregory T.)",,,,,,,"MINING MAGAZINE, JANUARY 1989, P. 50",,,,,,,,,D
10106729,https://mrdata.usgs.gov/mrds/show-mrds.php?dep_id=10106729,I000134,,Belkapahar,25.76583,73.43386,AS,India,Rajasthan,,N,Wollastonite,Calcium,,Unknown,,M,Producer,"Calcite, Wollastonite","Diopside, Garnet, Quartz",,,,65: Skarn wollastonite,,,"Belkapahan, Khila",,"Orris, Greta J.",,"Pyroxenite,Schist,Gneiss",,Pyroxenite,,,"SMITH, MARTIN, 1981, WOLLASTONITE-- PRODUCTION AND CONSUMPTION CONTINUE TO CLIMB:  INDUSTRIAL MINERALS, NO. 167, P. 25-33.ANDREWS, R.W., 1970, WOLLASTONITE:  LONDON, INSTITUTE OF GEOLOGICAL SCIENCES, P. 51.ELEVATORSKI, E.A., 1975, WOLLASTONITE, IN LEFOND, S.J., ED., INDUSTRIAL MINERALS AND ROCKS (NONMETALLICS OTHER THAN FUELS), 4TH EDITION:  NEW YORK, AMERICAN INSTITUTE OF MINING, METALLURGICAL, AND PETROLEUM ENGINEERS, P. 1227-1234.HARBEN, P.W., AND BATES, R.L., 1990, WOLLASTONITE, IN INDUSTRIAL MINERALS GEOLOGY AND WORLD DEPOSITS:  LONDON, METAL BULLETIN PLC, P. 299-301.FATTAH, HASSAN, 1994, WOLLASTONITE-- NEW ASPECTS PROMISE GROWTH:  INDUSTRIAL MINERALS, NO. 326, P. 21-43.HARBEN AND BATES, 1990.SMITH, 1981 FOR FIRST 2 ESTIMATES; THIRD ESTIMATE FROM ANDREWS, 1970.",,,,,,1969,,,C
10134033,https://mrdata.usgs.gov/mrds/show-mrds.php?dep_id=10134033,,5330411001,(Facility) Khetri Copper Smelter,27.99899,75.81718,AS,India,Rajasthan,,M,Copper,,,Processing Plant,,,Plant,,,,,,,,,Khetri Smelter,,Zimbelman,,,,,,,,,,,,,,,,E
10134036,https://mrdata.usgs.gov/mrds/show-mrds.php?dep_id=10134036,,5330410037,Balaria,24.36597,73.73382,AS,India,Rajasthan,,M,"Lead, Zinc",Iron,Sulfur-Pyrite,Underground,,,Producer,,,,,,,,,,,"Rupp  / Ewu, Chiang",,,,,,,"ENGINEERING AND MINING JOURNAL INTERNATIONAL DIRECTORY OFMINING AND MINERAL PROCESSING OPERATIONS.  INDIA.  MCGRAW-HILL, INC., NEW YORK, 1978, P. 297.ENGINEERING AND MINING JOURNAL.  JANUARY 1978, P. 77.ENGINEERING AND MINING JOURNAL.  JANUARY 1977, P. 63.MINING MAGAZINE.  SEPTEMBER 1976, P. 267.U.N.E.C.A.F.E.  MINING DEVELOPMENTS IN ASIA AND THE FAREAST.  MIN. DEV. SERIES, NO. 35, NEW YORK, 1968, P. 4.WORLD MINES REGISTER.  COMPANIES BY COUNTRY.  INDIA.  MILLERFREEMAN, INC., SAN FRANCISCO, 1976, P. 97.GEOLOGICAL SURVEY OF INDIA.  GEOLOGY AND MINERAL RESOURCESOF THE STATES OF INDIA.  MISCELLANEOUS PUBLICATION NO. 30,PT. XII-RAJASTHAN, 1977, PP. 50-51.VIDYARTHI, R. C., AND P. P. KALA.  APPLICATION OF PROBABIL-ITY MODELS AND SEQUENTIAL DECISION-MAKING IN THE EVALUA-TION OF THE BALARIA ZINC-LEAD DEPOSIT, ZAWAR, INDIA.INST. MIN. AND MET., TRANS., SECT. A, V. 84, NO. 1, JANU-ARY 1975, PP. 1-6.AME MINERAL ECONOMICS QUARTERLY MINE ANALYSIS, JUNE, 1993,PP. 38, 48.",,,,,,,,,C
10134057,https://mrdata.usgs.gov/mrds/show-mrds.php?dep_id=10134057,,5330410038,Zawarmala-Baroi,24.34927,73.70052,AS,India,Rajasthan,,M,"Zinc, Lead",,,Underground,,,Prospect,,,,,,,,,"Baroi, Bario / Zawarmala Hill",,"Rupp  / Ewu, Chiang",,,,,,,"YORK, 1968, PP. 4, 33.WORLD MINES REGISTER.  COMPANIES BY COUNTRY.  INDIA.  MILLERFREEMAN, INC., SAN FRANCISCO, 1976, P. 97.A. K. G.  LEAD AND ZINC IN INDIA - THE PRESENT AND THEFUTURE.  EDITORIAL.  JOURNAL OF MINES, METALS, AND FUELS,OF THE STATES OF INDIA,  MISCELLANEOUS PUBLICATION NO. 30,PT. XII-RAJASTHAN, 1977, PP. 50-51.U.N.E.C.A.F.E.  MINING DEVELOPMENTS IN ASIA AND THE FAREAST.  MIN. DEV. SERIES, NO. 35.  UNITED NATIONS, NEWAME MINERAL ECONOMICS QUARTERLY MINE ANALYSIS, JUNE, 1993,PP. 38,48.",,,,,,,,,C
10134293,https://mrdata.usgs.gov/mrds/show-mrds.php?dep_id=10134293,,5330410000,Rampura-Agucha,26.08243,74.8338,AS,India,Rajasthan,,M,Zinc,Lead,"Silver, Cadmium",Surface,,,Plant,,,,,,,,,,,Unknown,,,,,,,"*MINING ANNUAL REVIEW, 1993, P. 157.",,,,,,,,,D
10158614,https://mrdata.usgs.gov/mrds/show-mrds.php?dep_id=10158614,,5330390006,Teejanwali,28.02897,76.10047,AS,India,Punjab,,M,,,Copper,Unknown,,,Prospect,,,,,,,,,,,"West, B.J.",,,,,,,DUNN J A 1965 BULL GSI SERIES A-ECON GEOL NO 23-COPPER P 127,,,,,,,,,D
10158744,https://mrdata.usgs.gov/mrds/show-mrds.php?dep_id=10158744,,5330390005,Khalara Hills,28.05897,76.06047,AS,India,Punjab,,M,,,Copper,Unknown,,,Occurrence,,,,,,,,,,,"West, B.J.",,,,,,,DUNN J A 1965 BULL GSI SERIES A-ECON GEOL NO 23-COPPER P 127,,,,,,,,,D
10158779,https://mrdata.usgs.gov/mrds/show-mrds.php?dep_id=10158779,,5330210113,Barkhera,25.89914,77.53042,AS,India,Madhya Pradesh,,M,,,"Aluminum, Iron, Silica, Titanium",Surface,,,Prospect,,,,,,,,,,,"West, B.J.",,,,,,,"ROY CHOWDHURY, M.K., BAUXITE IN BIHAR, MADHYA PRADESH, VINDHESH, MADHYA BHARAT AND BHOPAL, V.85, MEMOIRS OF THE GEOLOGICEY OF INDIA,1958,P.259.-GIVES RESERVE TONNAGE{GRADE.",,,,,,,,,D
10158786,https://mrdata.usgs.gov/mrds/show-mrds.php?dep_id=10158786,,5330410018,Kulkund Narayanpur,27.50901,76.30046,AS,India,Rajasthan,,M,,,Copper,Unknown,,,Prospect,,,,,,,,,,,"West, B.J.",,,,,,,DUNN J A 1965 BULL GSI SERIES A-ECON GEOL NO 23-COPPER P 135,,,,,,,,,D
10159245,https://mrdata.usgs.gov/mrds/show-mrds.php?dep_id=10159245,,5330410006,Ghugra,26.4991,74.7005,AS,India,Rajasthan,,M,,,Copper,Unknown,,,Occurrence,,,"Azurite, Malachite, Pyrite",,,,,,,,"West, B.J.",,,,,,,"DUNN J A 1965 BULL GSI SERIES A-ECON GEOL NO 23-COPPER P 130UN MIN RESOURCES DEV SERIES NO 211963, GEOCHEM PROSPECTING IHETRI COPPER BELT, RAJASTHAN INDIA P 111-112",,,,,,,,,D
10159361,https://mrdata.usgs.gov/mrds/show-mrds.php?dep_id=10159361,,5330410035,Maton,24.54926,73.79722,AS,India,Rajasthan,,N,Phosphorus-Phosphates,,,Surface,,,Producer,,,"Apatite, Calcite, Manganese Ox-Hydrous, Quartz",,Surface,,,,Maton Mine,,"West, B.J.",,,,,,,"WORLD MINES REGISTER 1976-1977, MILLER FREEMAN PUBLICATIONS,E/MJ APRIL 1976, INDIA'S FIRST PHOSPHATE BENEFICIATIONBRITISH SULPHUR CORPORATION, WORLD SURVEY OF PHOSPHATEDEPOSITS, FIFTH ED., LONDON, 1987, 274 PP.",,,,,,,,,B
10183583,https://mrdata.usgs.gov/mrds/show-mrds.php?dep_id=10183583,,5330410009,Angari,27.34903,76.25046,AS,India,Rajasthan,,M,,,Copper,Unknown,,,Prospect,,,,,,,,,,,"West, B.J.",,,,,,,DUNN J A 1965 BULL GSI SERIES A-ECON GEOL NO 23-COPPER P 131,,,,,,,,,D
10182981,https://mrdata.usgs.gov/mrds/show-mrds.php?dep_id=10182981,,5330410030,"Tambesra,Udaipur and Banswara",23.49934,74.2505,AS,India,Rajasthan,,B,,,"Barium-Barite, Iron, Manganese, Phosphorus-Phosphates, Silica",Unknown,,,Producer,,,"Calcite, Psilomelane, Pyrolusite, Siderite, Wad",,,,,,,,"West, B.J.",,,,,,,ROY B C 1957 THE MN-ORE DEPOSITS IN UDAIPUR AND BANSWARA RAJBULL OF GSI SERIES A-ECON GEOL NO14,,,,,,,,,C
10183083,https://mrdata.usgs.gov/mrds/show-mrds.php?dep_id=10183083,,5330410016,Harner,27.35902,76.28046,AS,India,Rajasthan,,M,,,Copper,Unknown,,,Prospect,,,,,,,,,,,"West, B.J.",,,,,,,"DUNN J A 1965,BULL GSI SERIES A-EEON GEOL NO 23-COPPER P 134",,,,,,,,,D
10183096,https://mrdata.usgs.gov/mrds/show-mrds.php?dep_id=10183096,,5330410047,Jhamarkotra,24.46596,73.83382,AS,India,Rajasthan,,N,Phosphorus-Phosphates,,,Surface,,,Producer,,,Apatite,,Surface,,,,,,"Buckingham, David A.",,,,,,,"BRITISH SULPHUR CORP., WORLD SURVEY OF PHOSPHATE DEPOSITS,4TH EDITION; LONDON 1981.THE FERTILIZER ASSOCIATION OF INDIA, FERTILIZER STATISTICS1979-1980; NEW DELHI.LEHR, J. R., CHARACTERIZATION OF PHOSPHATE ROCKS FROMUDAIPUR, INDIA; TENNESSEE VALLEY AUTHORITY, JULY 22, 1969.PHOSPHORUS AND POTASSIUM, 44, NOV/DEC. 1969, THE DEPOSITSNEAR UDAIPUR - SOURCE OF INDIA'S FUTURE PHOSPHATE SUPPLIES.RAHASTHAN STATE MINES AND MINERALS LTD., - A GLIMPSE ONJHAMARKOTRA ROCK PHOSPHATE MINING PROJECT; UDAIPUR C.1979.RAHASTHAN STATE MINES AND MINERALS, LTD, - A BRIEF INTRO-DUCTION; UDAIPUR, 1981.""PHOSPHATES IN INDIA: FUTURE PROSPECTS"", PHOSPHOROUS ANDPOTASSIUM, NO. 125, MAY/JUNE 1983, PP. 24-28.CHOUDHURI, DR. R. AND PRASAD, H.,"" A PROJECT PROFILE ON THEJHAMARKOTRA ROCK PHOSPHATE DEPOSIT"", INDUSTRIAL MINERALSSEPTEMBER 1983, PP. 61-67.INDUSTRIAL MINERALS, NOVEMBER 1988, P. 96.RAHASTHAN STATE MINES AND MINERALS, LTD. -- A BRIEF INTRO-4TH EDITION; LONDON, 1981.BRITISH SULPHUR CORPORATION, WORLD SURVEY OF PHOSPHATEDEPOSIT, FIFTH ED., 1987, 274PP, PP 194-195.",,1969,,,,1968,,,B
10183350,https://mrdata.usgs.gov/mrds/show-mrds.php?dep_id=10183350,,5330410012,Bhagoni,27.27903,76.40046,AS,India,Rajasthan,,M,,,Copper,Unknown,,,Prospect,,,,,,,,,,,"West, B.J.",,,,,,,DUNN J A 1965 BULL GSI SERIES A-ECON GEOL NO 23-COPPER P 132,,,,,,,,,D
10183428,https://mrdata.usgs.gov/mrds/show-mrds.php?dep_id=10183428,,5330411026,Debari,24.51596,73.68382,AS,India,Rajasthan,,B,"Zinc, Refiner","Silver, Cadmium, Sulfur, Sulfuric Acid",,Processing Plant,,,Plant,,,,,,,,,,,"Difrancesco, Carl A.",,,,,,,,,,,,,,,,E
10206634,https://mrdata.usgs.gov/mrds/show-mrds.php?dep_id=10206634,,5330001206,Vanadium Operation,28.61563,77.21714,AS,India,,,M,Vanadium,,,Processing Plant,,,Producer,,,,,,,,,,,Hunter,,,,,,,,,,,,,,,,E
10206719,https://mrdata.usgs.gov/mrds/show-mrds.php?dep_id=10206719,,5330410019,Maluthana Malotana,27.44902,76.26046,AS,India,Rajasthan,,M,,,Copper,Unknown,,,Prospect,,,,,,,,,,,"West, B.J.",,,,,,,DUNN J A 1965 BULL GSI SERIES A-ECON GEOL NO 23-COPPER P 135,,,,,,,,,D
10207112,https://mrdata.usgs.gov/mrds/show-mrds.php?dep_id=10207112,,5330410011,Baldeogarh,27.12904,76.38046,AS,India,Rajasthan,,M,,,Copper,Unknown,,,Prospect,,,Malachite,,,,,,,,"West, B.J.",,,,,,,DUNN J A 1965 BULL GSI SERIES A-ECON GEOL NO 23-COPPER P 132,,,,,,,,,D
10207193,https://mrdata.usgs.gov/mrds/show-mrds.php?dep_id=10207193,,5330410015,Gudhah,27.34903,76.26046,AS,India,Rajasthan,,M,,,Copper,Unknown,,,Occurrence,,,,,,,,,,,"West, B.J.",,,,,,,DUNN J A 1965 BULL GSI SERIES A-ECON GEOL NO 23-COPPER P 134,,,,,,,,,D
10207281,https://mrdata.usgs.gov/mrds/show-mrds.php?dep_id=10207281,,5330390004,Ghatashar,27.90898,76.10047,AS,India,Punjab,,M,,,Copper,Unknown,,,Occurrence,,,,,,,,,,,"West, B.J.",,,,,,,"DUNN J A 1965, BULL GSI SERIES A-ECON GEOL NO 23-COPPER P 12",,,,,,,,,D
10207338,https://mrdata.usgs.gov/mrds/show-mrds.php?dep_id=10207338,,5330418814,Khetri Phosphoric Acid Plant,27.99899,75.81718,AS,India,Rajasthan,,N,Phosphorus-Phosphates,,,Processing Plant,,,Plant,,,,,,,,,Rajasthan,,"Fantel, Richard J.",,,,,,,"INTERNATIONAL FERTILIZER INDUSTRY ASSOCIATION. PHOSPHORICACID, TRIPLE SUPERPHOSPHATE AND AMMONIUM PHOSPHATE PLANTS1988 SURVEY. AUGUST 1988, 39PP.BRITISH SULPHUR CORPORATION. WORLD FERTILIZER ATLAS, EIGHTHED. APRIL 1987, 121PP.",,1976,,,,,,,D
10230824,https://mrdata.usgs.gov/mrds/show-mrds.php?dep_id=10230824,,5330410007,Kiriap,26.15912,74.5505,AS,India,Rajasthan,,M,,,Copper,Unknown,,,Occurrence,,,,,,,,,,,"West, B.J.",,,,,,,DUNN J A 1965 BULL GSI SERIES A-ECON GEOL NO 23-COPPER P 130,,,,,,,,,D
10231099,https://mrdata.usgs.gov/mrds/show-mrds.php?dep_id=10231099,,5330090007,Amba Mata,24.32928,72.88054,AS,India,Gujarat,,M,,,Copper,Unknown,,,Past Producer,,,,,,,,,,,"West, B.J.",,,,,,,DUNN J A 1965 BULL GSI SERIES A-ECON GEOL NO 23-COPPER P.94,,,,,,,,,D
10231243,https://mrdata.usgs.gov/mrds/show-mrds.php?dep_id=10231243,,5330412001,(Facility) Khetri Copper Refinery,27.99899,75.81718,AS,India,Rajasthan,,M,Copper,,,Processing Plant,,,Plant,,,,,,,,,Khetri Refinery,,Zimbelman,,,,,,,,,,,,,,,,E
10231314,https://mrdata.usgs.gov/mrds/show-mrds.php?dep_id=10231314,,5330410004,Khetri Copper Belt,27.99899,75.80048,AS,India,Rajasthan,,M,,,Copper,Unknown,,,Past Producer,,,"Azurite, Chalcanthite, Chalcopyrite, Chlorite, Chrysocolla, Malachite, Pyrite, Pyrrhotite, Quartz, Tourmaline",,,,,,,,"West, B.J.",,,,,,,"DUNN, J.A., BULLETIN OF THE GEOLOGICAL SOCIETY OF INDIASERIES A, ECONOMIC GEOLOGY, NO. 23, 1965, P. 129-130.CHOWDURY, R., GEOLOGICAL POTENTIAL OF THE KHETRI COPPERBELT, RAJASTHAN: GEOLOGICAL SOCIETY OF INDIA MISCELLANEOUSPUBLICATION NO. 13, 1968, P. 165-181.RAO, M.V.N.R.S., KHETRI COPPER COMPLEX: MINING MAGAZINE,VOL. 131, NO. 5, NOVEMBER 1974, P. 350-357.METALS SOURCEBOOK, AUGUST 12, 1974, ITEM (B3801).",,,,,,,,,C
10255727,https://mrdata.usgs.gov/mrds/show-mrds.php?dep_id=10255727,,5330410040,Ambamata-Deri,24.33258,72.85054,AS,India,Rajasthan,,M,Zinc,Lead,"Silver, Copper, Gold",Underground,,,Prospect,,,,,,,,,,,Unknown,,,,,,,,,,,,,,,,E
10255729,https://mrdata.usgs.gov/mrds/show-mrds.php?dep_id=10255729,,5330410031,Khetri / Kolihan / Chandmari,27.99899,75.80048,AS,India,Rajasthan,,M,Copper,,,Underground,,,Producer,,,"Biotite, Chalcopyrite, Chlorite, Pyrrhotite, Quartz",,Underground,,,,"Khetri-Kollhan, No Alternate Names.",,"Porter, Kenneth E.",,,,,,,"MINING MAGAZINE, SEPT. 1976, P. 245BHATRAGAR, S,N,; SUBBARAYNDU, K.; AND LEIGH, B. ""ORE RESERVEESTIMATION AT KHETRO COPPER DEPOSIT, KAJASTHAN,'INDIAN MINING AND ENGLINEERING JOURNAL . VOL. ZVII, NO.SEPTEMBER 1979.CHOWDHARY, K.D.; BANERJEC, K.; CHANDE, V.D.L RAGHY NANDAM,R; DARTHASARTHY, K,L JHALA, S.V.L AND RANDI, K.""EXPLORATION FOR COPPER OR IN KOLIHAN, KJETRI COPPERBELT, JHUNJHUNU DISTRICTS, RAJASTJAN: GEOLOGICAL SURVEYOF INDIA, MUSCELLANEOUS PUBLICATION NO. 27, PP. 321-346.CHOWDHARY, M.K.R.L DAS GUPTA. S.R.; PRASAD RAO. S,V,;VENKATESH, V.L RAMIENGAR, A.S.L AND NATARAJAN, W.K.""GEOLOGICAL POTENTIAL OF THE KHETRI COPPER BELTRAJASTHAN,: GEOLOGICAL SURVEY OR INDIA,  PP. 166-CURRENT INFORMATION ABOUT KJETRI, KOLIHAN, AND CHANDMARIFROM GOLDER MOFFIT AND ASSOCIATES LIMITED IN INDIA.RAI, M.V.N.R.S. ""KHETRI COPPER COMPLEX,: MINING MAGAZINE.NOVEMBER 1974,PP. 350-356.IXTH WORLD MINING CONGRESS, FEDERAL REPUBLIC OF GERMANYMAY, 1976.KCC STAYS UP-TO-DATE. ENGINEERING AND MINING JOURNAL.PP.39-42.MINING JOURNAL. JULY 20, 1990. P.46.E&MJ. AUG. 1990. P. 79.KHETRI COPPER COMPLEX. MINING MAGAZINE. SEPT.1984,PP. 183-197.",,1974,,,,500,,,B
10255812,https://mrdata.usgs.gov/mrds/show-mrds.php?dep_id=10255812,,5330410017,Jodhawas,27.34903,76.30046,AS,India,Rajasthan,,M,,,Copper,Unknown,,,Prospect,,,,,,,,,,,"West, B.J.",,,,,,,DUNN J A 1965 BULL GSI SERIES A-ECON GEOL NO 23-COPPER P 134,,,,,,,,,D
10255852,https://mrdata.usgs.gov/mrds/show-mrds.php?dep_id=10255852,,5330410021,Ghatol,23.74932,74.4505,AS,India,Rajasthan,,M,,,Copper,Unknown,,,Prospect,,,,,,,,,,,"West, B.J.",,,,,,,DUNN J A 1965 BULL GSI SERIES A-ECON NO 23-COPPER P 135,,,,,,,,,D
10256061,https://mrdata.usgs.gov/mrds/show-mrds.php?dep_id=10256061,,5330410022,Khankhera,26.90906,77.15044,AS,India,Rajasthan,,M,,,Copper,Unknown,,,Prospect,,,,,,,,,,,"West, B.J.",,,,,,,DUNN J A 1965 BULL GSI SERIES A-ECON GEOL NO 23-COPPER P 136,,,,,,,,,D
10256218,https://mrdata.usgs.gov/mrds/show-mrds.php?dep_id=10256218,,5330410025,Bidasar,28.24897,72.91056,AS,India,Rajasthan,,M,,,Copper,Unknown,,,Occurrence,,,,,,,,,,,"West, B.J.",,,,,,,DUNN J A 1965 BULL GSI SERIES A-ECON GEOL NO 23-COPPER P 136,,,,,,,,,D
10256235,https://mrdata.usgs.gov/mrds/show-mrds.php?dep_id=10256235,,5330410008,Agar,27.30903,76.20046,AS,India,Rajasthan,,M,,,Copper,Unknown,,,Prospect,,,"Limonite, Malachite",,,,,,,,"West, B.J.",,,,,,,DUNN J A 1965 BULL GSI SERIES A-ECON GEOL NO 23-COPPER P 131,,,,,,,,,D
10256362,https://mrdata.usgs.gov/mrds/show-mrds.php?dep_id=10256362,,5330410003,Rajasthan State,26.90906,75.83047,AS,India,Rajasthan,,M,,,Iron,Unknown,,,Producer,,,Hematite,,,,,,,,"West, B.J.",,,,,,,"U.N., SURV. WORLD IRON ORE RES., 1970, N.Y., DEPT. ECON. & SFFAIRS, P. 111, 164",,,,,,,,,D
10256718,https://mrdata.usgs.gov/mrds/show-mrds.php?dep_id=10256718,,5330410014,"Rajpura-Dariba, Udaipur Distict",27.16294,76.38656,AS,India,Rajasthan,,M,"Zinc, Copper, Lead","Silver, Antimony, Arsenic, Cadmium","Nickel, Cobalt",Underground,,,Producer,,,"Autunite, Biotite, Chalcopyrite, Malachite, Pyrite, Pyrrhotite, Torbernite",,,,,,,,"Rupp  / Ewu, Chiang",,,,,,,"DUNN, J. A., COPPER, GEOLOGICAL SURVEY OF INDIA BULLETIN,SERIES A, ECONOMIC GEOLOGY, NO. 23, 1965, P. 132-134.STAFF, ENGINEERING AND MINING JOURNAL INTERNATIONAL DIRECTO-RY 1978, P. 297.STAFF, HINDUSTAN COPPER LTD., ANNUAL REPORT 1975-1976, P.14-15.MARKANDEY AND A. V. ULABHAJE, EXPLORATION GEOLOGY OF THERAJPURA-DARIBA ZINC-LEAD BELT-A REVIEW, METALS ANDMINERALS REVIEW-FEBRUARY 1978, P. 88-89.RAO,S. K. L., ON THE OCCURRENCES AND PROBABLE ORIGIN OFCUBANITE AND VALLERIITE FROM COPPER ORES OF DARIBA, ALWARDISTRICT, RAJASTHAN, GEOLOGICAL SURVEY OF INDIA MISCEL-LANEOUS PUBLICATION NO. 16, BASE METALS, PT. I, 1971, P.357-363.VARADAN, V. K. S., M. NARASIMHAN AND N. MADHUKARA, RESULTSOF PROVING OPERATIONS IN DARIBA COPPER DEPOSIT, ALWAR497-505.DEB, M., D.M. BANERJEE, AND A. K. BHATTACHARYA, PRECAMBRIANSTROMATOLITE AND OTHER STRUCTURES IN THE RAJPURA-DARIBAPOLYMETALLIC ORE DEPOSIT, RAJASTHAN, INDIA, 1978,MINERALIUM DEPOSITA.PERSONAL CORRESPONDENCE, 1978,D. O. RAJPURA MINES, DIST.UDAIPUR, RAJASTHAN, INDIA. (COPY ON FILE IN DENVEROFFICE, USBM).GEOLOGICAL SURVEY OF INDIA, GEOLOGY AND MINERAL RESOURCES OFTHE STATES OF INDIA, MISCELLANEOUS PUBLICATION NO. 30,PT. XII-RAJASTHAN, 1977, P. 50-51.STAFF, 1979 SURVEY OF MINE AND PLANT EXPANSION, ENGINEERINGAND MINING JOURNAL, JANUARY 1979, P. 101.CHAUHAN, D. S.  THE DARIBA MAIN LODE OF RAJPURA-DARIBA ZINC-LEAD-COPPER BELT, UDAIPUR DISTRICT, RAJASTHAN.  JOURNALOF THE GEOLOGICAL SOCIETY OF INDIA, V. 18, NO. 11, NOV-EMBER 1977, PP. 611-616.A. K. G.  EDITORIAL.  LEAD AND ZINC IN INDIA - THE PRESENTAND THE FUTURE.  JOURNAL OF MINES, METALS, AND FUELS,SEPTEMBER 1976.HARLALKA, B. N.  HISTORY OF ZINC AND HINDUSTAN ZINC LIMITED.INDIAN MINING AND ENGINEERING JOURNAL, AUGUST 1972, P.75-78.CHATTERJEE, P. K.  ANNOTATED INDEX OF INDIAN MINERAL OCCUR-RENCES.  PART 3 (L-Z).  GEOLOGICAL SURVEY OF INDIA, 1964,PP. 296, 453.STAFF.  V.N.E.C.A.F.E.  MINERAL DEVELOPMENT IN ASIA AND FAREAST.  MINERAL RESOURCE DEVELOPMENT SERIES, NO. 35, 1968,PP. 4, 33.WORLD MINING.  INDIA.  AUGUST 1966, P. 44.MINING MAGAZINE.  ASIA-DERI EXPLOITATION.  JANUARY 1973,P. 45.MATHEW, P. M.  GEOPHYSICAL SURVEYS FOR COPPER ORE IN DARIBAAND KHOH AREAS IN ALWAR DISTRICT, RAJASTHAN, INDIA.  GEO-PHYSICAL RESULTS OF APPLIED GEOPHYSICS, P. 107-117.ENGINEERING AND MINING JOURNAL INTERNATIONAL DIRECTORY OFMINING AND MINERAL PROCESSING OPERATIONS.  INDIA.  MC-GRAW-HILL, INC., NEW YORK, 1978, P. 296.",,,,,,,,,B
10279780,https://mrdata.usgs.gov/mrds/show-mrds.php?dep_id=10279780,,5330410020,Nalladeshwar,27.24903,76.45046,AS,India,Rajasthan,,M,,,Copper,Unknown,,,Prospect,,,,,,,,,,,"West, B.J.",,,,,,,DUNN J A 1965 BULL GSI SERIES A-ECON GEOL NO 23-COPPER P 135,,,,,,,,,D
10280025,https://mrdata.usgs.gov/mrds/show-mrds.php?dep_id=10280025,,5330410005,Ajitgarh,25.77916,74.18051,AS,India,Rajasthan,,M,,,Copper,Unknown,,,Occurrence,,,"Azurite, Chalcopyrite, Cuprite, Malachite, Pyrite",,,,,,,,"West, B.J.",,,,,,,"DUNN J A 1965,BULL GSI SERIES A-ECON GEOL NO 23-COPPER P 130",,,,,,,,,D
10281473,https://mrdata.usgs.gov/mrds/show-mrds.php?dep_id=10281473,,5330410023,Mawai-Ka-Poora,26.45909,77.56042,AS,India,Rajasthan,,M,,,Copper,Unknown,,,Prospect,,,,,,,,,,,"West, B.J.",,,,,,,DUNN J A 1965 BULL GSI SERIES A-ECON GEOL NO 23-COPPER P 136,,,,,,,,,D
10304017,https://mrdata.usgs.gov/mrds/show-mrds.php?dep_id=10304017,,5330410036,Rajpura-Dariba,24.99923,74.16721,AS,India,Rajasthan,,M,"Lead, Zinc",,,Underground,,,Producer,,,"Chalcopyrite, Galena, Sphalerite",,Underground,,,,,,Rfb,,,,,,,"SINGH, B., AUGUST 1980, AN APPRAISAL OF THE BASE METALDEPOSITS OF RAJASTHAN: IM & EJ, P.5-18.HINDUSTAN ZINC, LTD., ANNUAL REPORT, 1978-79.MINING MAGAZINE, JUNE 1974.WORLD MINING, APRIL 1978.ENGINEERING/MINING JOURNAL.INDIAN BUREAU OF MINES, 1971, INDIAN MINERALS YEARBOOK,NAGPUR, INDIA.INDIAN LEAD-ZINC INFORMATION CENTER, ZINC OUTLOOK, 1978-1979, NEW DELHI, INDIA.MINING JOURNAL, APRIL 20, 1980.RAKESH, K.C., (ED.), 1979, HINDUSTAN ZINC LTD., UDAIPUR,U.S. BUREAU OF MINES, 1976 AND 1978-79, MINERALS YEARBOOK,WASHINGTON, D.C.ENGINEERING/MINING JOURNAL, 1980, INTERNATIONAL DIRECTORY.AME MINERAL ECONOMICS QUARTERLY MINE ANALYSIS, JUNE, 1993,P. 38, 48.",,,,,,,,,B
10304074,https://mrdata.usgs.gov/mrds/show-mrds.php?dep_id=10304074,,5330410010,Bairat,27.42902,76.18047,AS,India,Rajasthan,,M,,,Copper,Unknown,,,Prospect,,,Malachite,,,,,,,,"West, B.J.",,,,,,,DUNN J A 1965 BULL GSI SERIES A-ECON GEOL NO 23-COPPER P 131,,,,,,,,,D
10304130,https://mrdata.usgs.gov/mrds/show-mrds.php?dep_id=10304130,,5330418813,Debari Phosphoric Acid Plant,24.91593,73.86722,AS,India,Rajasthan,,N,Phosphorus-Phosphates,,,Processing Plant,,,Plant,,,,,,,,,Rajasthan,,"Fantel, Richard J.",,,,,,,"INTERNATIONAL FERTILIZER INDUSTRY ASSOCIATION. PHOSPHORICACID, TRIPLE SUPERPHOSPHATE AND AMMONIUM PHOSPHATE PLANTS1988 SURVEY. AUGUST 1988, 39PP.BRITISH SULPHUR CORPORATION. WORLD FERTILIZER ATLAS, EIGHTHED. APRIL 1987, 121PP.",,1979,,,,,,,D
10304168,https://mrdata.usgs.gov/mrds/show-mrds.php?dep_id=10304168,,5330410013,Chipta,27.10904,76.36046,AS,India,Rajasthan,,M,,,Copper,Unknown,,,Prospect,,,"Dolomite, Limonite, Quartz",,,,,,,,"West, B.J.",,,,,,,DUNN J A 1965 BULL GSI SERIES A-ECON GEOL NO 23-COPPER P 132,,,,,,,,,D
10304306,https://mrdata.usgs.gov/mrds/show-mrds.php?dep_id=10304306,,5330410032,Mochia Balariamagra,24.59925,73.78382,AS,India,Rajasthan,,M,"Lead, Zinc",,,Underground,,,Producer,,,"Arsenopyrite, Chalcopyrite, Galena, Pyrite, Pyrrhotite, Silver, Sphalerite",,Underground,,,,"Mochia-Balaria, Zawar Group of Mines",,Rfb,,,,,,,"MINING MAGAZINE, SEPT. 1976, P. 245WORLD MINES REGISTER.  COMPANIES BY COUNTRY.  INDIA.MILLER FREEMAN, INC., SAN FRANCISCO, 1976, P. 97.A. K. G.  LEAD AND ZINC IN INDIA - THE PRESENT AND THEFUTURE.  EDITORIAL.  JOURNAL OF MINES, METALS, AND FUELS,SEPTEMBER 1976.U.N.E.C.A.F.E.  MINING DEVELOPMENTS IN ASIA AND THE FAREAST.  MINERAL DEVELOPMENT SERIES, NO. 35, UNITED NATIONS,NEW YORK, 1968, PP. 4, 33.HARLALKA, B. N.  HISTORY OF ZINC AND HINDUSTAN ZINC LIMITED.ENGINEERING AND MINING JOURNAL INTERNATIONAL DIRECTORY OFMINING AND MINERAL PROCESSING OPERATIONS, 1978, P. 297.MINING MAGAZINE.  SEPTEMBER 1974, P. 227.HINDUSTAN ZINC LTD., ANNUAL REPORT, 1978-79.HINDUSTAN ZINC LTD., GLIMPSES OF ZAWAR.INDIAN GOVERNMENT, HINDUSTAN ZINC LTD.MUKHERJEE, A., 1964, THE GEOLOGY OF THE ZAWAR LEAD-ZINCMINE, RAJASTHAN, INDIA: ECONOMIC GEOLOGY, VOL. 59,PP. 656-677.INDIAN MINING AND ENGINEERING JOURNAL, AUGUST 1972, PP.15-17.GEOLOGICAL SURVEY OF INDIA.  GEOLOGY AND MINERAL RESOURCESOF THE STATES OF INDIA.  MISCELLANEOUS PUBLICATION NO. 30.PART.  XII - RAJASTHAN, 1977, PP. 50-51.AME MINERAL ECONOMICS QUARTERLY MINE ANALYSIS, JUNE, 1993,PP. 38, 48.",,,,,,,,,B
10305461,https://mrdata.usgs.gov/mrds/show-mrds.php?dep_id=10305461,,5330210112,Akhai Mahadeo,24.94921,77.58042,AS,India,Madhya Pradesh,,M,,,"Aluminum, Iron, Silica, Titanium",Surface,,,Prospect,,,,,,,,,,,"West, B.J.",,,,,,,"ROY CHOWDHURY, M.K., BAUXITE IN BIHAR, MADHYA PRADESH, VINDHESH, MADHYA BHARAT AND BHOPAL, V.85, MEMOIRS OF THE GEOLOGICEY OF INDIA, 1958, P.258-259.",,,,,,,,,D
60000552,https://mrdata.usgs.gov/mrds/show-mrds.php?dep_id=60000552,ISM0128,,Tamatia Mines,23.61603,74.50049,AS,India,Rajasthan,,N,Graphite,,,Unknown,"GRAPHITE, CRYSTALLINE, DISSEMINATED FLAKES",Y,Producer,,,,,,,,,,,,,,,,,,"BANERJEE, B. ET AL., 1980: GRAPHITE DEPOSITS IN THE PRECAMBRIAN OF PALAMAU, BIHAR.- METALS AND MINERALS REVIEW, JULY 1980, VOL.XIX, NO.8PARAMASIVAN, T.S. AND SRINIVASAN, R., 1973: GRAPHITE DEPOSITS OF TAMIL NADU.- MINERAL RESEARCH, VOL.5, OCTOBER 1973, P.20-23ACHARYA, B.C. AND DASH, DR.B., 1980: DISTRIBUTION OF GRAPHITE DEPOSITS IN ORISSA AND ITS RELATION WITH REGIONAL GEOLOGY.- METALS AND MINERALS REVIEW, JUNE 1980, VOL.XIX, NO.7KANUNGO, S.C., 1976: GRAPHITE MINERALISATION IN TITLAGARH-GRAPHITE-BELT, BOLANGIR AND KALAHANDI DISTRICTS ORISSA.- INDIAN MINERALS, VOL.30, NO.4, P.1-6KRISHNA-RAO, M. ET AL., 1971: PETROGRAPHY AND BENEFICIATION CHARACTERISTICS OF GRAPHITE DEPOSITS OF ORISSA. - JOURN. OF MINES, MET. AND FUELS, MARCH 1971, P.63-64MALLESWARA RAO, V., 1973: BENEFICIATION OF GRAPHITE FROM VISAKHAPATNAM DISTRICT.- JOURN. INDIAN ACAD. GEOSCI., VOL.16, NO.2, P.77-81KRISHNASWAMY, S., 1979: INDIA'S MINERAL RESOURCES, 2ND ED.- OXFORD AND IBH. PUBL. CO., NEW DELHIGEOLOGICAL SURVEY OF INDIA: GEOLOGY AND MINERAL RESOURCES OF THE STATES OF INDIA.- GSJ. MISC. PUBL., NO.30; V. BIHAR 1974; VI. TAMIL NADU 1974; III. ORISSA 1974; VIII. ANDHRA PRADESH 1975; XII. RAJASTHAN 1977GOOSSENS, P.J., 1982: GRAPHITE DEPOSITS OF THE PRECAMBRIAN AND THEIR MINING DEVELOPMENT.- IN: THE DEVELOPMENT POTENTIAL OF PRECAMBRIAN MINERAL DEPOSITS; UNITED NATIONS NEW YORK, 1982, P.123-155",,,,,,,,,D
60000697,https://mrdata.usgs.gov/mrds/show-mrds.php?dep_id=60000697,ISM0456,,Jhamar-Kotra,24.48256,73.85051,AS,India,Rajasthan,,N,Phosphorus-Phosphates,,,Unknown,"SEDIMENTARY (PRESUMABLY: CHEMICAL SEDIMENT, MARINE)",Y,Producer,,,,,,,,,Jhameshwar (Part of Jhamar-Kotra) Sameta,,,,,,,ARAVALLI BASIN,,"BRITISH SULPHUR CORP. LTD., 1980: WORLD SURVEY OF PHOSPHATE DEPOSITS, 4TH ED., LONDONANONYM, 1979: JHAMAR KOTRA PHOSPHATE ROCK, PHOSPHORUS AND POTASSIUM, NO.99, JAN./FEB., P.17-21ROY, A.B., ET AL., 1980: STRUCTURAL GEOMETRY OF THE ROCK PHOSPHATE BEARING ARAVALLI ROCKS AROUND JHAMAR KOTRA, INDIAN JOURNAL EARTH SCIENCES, VOL.7, NO.2, P.191-202, CALCUTTALEHR, J.R., MCCELLAN, G.H., 1973: CRYSTAL CHEMICAL INVESTIGATION OF NATURAL APATITES. AMERICAN MINERALOGIST, VOL.54, 9/10, P.1374-1391, WASHINGTON",,1969,,,,1968,,,D
